,primary_name
0,Aanand L. Rai
1,Aaron Hann
2,Aaron Moorhead
3,Aaron Schneider
4,Abbas Alibhai Burmawalla
5,Abby Kohn
6,Abel Ferrara
7,Abhinay Deo
8,Abhishek Kapoor
9,Abhishek Varman
10,Adam B. Stein
11,Adam Egypt Mortimer
12,Adam Green
13,Adam Kassen
14,Adam McKay
15,Adam Randall
16,Adam Rifkin
17,Adam Robitel
18,Adam Schindler
19,Adam Shankman
20,Adam Wingard
21,Adesh Prasad
22,Adil El Arbi
23,Aditya Datt
24,Adrian Lyne
25,Adrian Molina
26,Adrienne Shelly
27,Afonso Poyart
28,Agnieszka Holland
29,Agnieszka Wojtowicz-Vosloo
30,Aisling Walsh
31,Ajay Bahl
32,Akarsh Khurana
33,Aki Kaurismäki
34,Akira Kurosawa
35,Akiva Schaffer
36,Alain Darborg
37,Alain Desrochers
38,Alan Clarke
39,Alan J. Pakula
40,Alan Parker
41,Alan Shapiro
42,Alan Taylor
43,Alastair Fothergill
44,Albert Hughes
45,Albert Pyun
46,Alec Berg
47,Alejandro Agresti
48,Alejandro Amenábar
49,Alejandro G. Iñárritu
50,Alejandro Landes
51,Alejandro Monteverde
52,Aleksey Balabanov
53,Aleksey Sidorov
54,Alessandro Carloni
55,Alexander Mackendrick
56,Alexander Payne
57,Alexandre Aja
58,Alex Cox
59,Álex de la Iglesia
60,Alex Garland
61,Alex Kendrick
62,Alex Kurtzman
63,Àlex Pastor
64,Alex Proyas
65,Alfonso Cuarón
66,Alfonso Gomez-Rejon
67,Alfred Hitchcock
68,Alfred Sole
69,Ali Abbasi
70,Ali Abbas Zafar
71,Ali Bilgin
72,Alister Grierson
73,Ali Taner Baltaci
74,Allen Coulter
75,Allen Hughes
76,Alper Caglar
77,Alphonse Puthren
78,Amar Kaushik
79,Amit Masurkar
80,Amma Asante
81,Amol Palekar
82,Amy Berg
83,Amy Heckerling
84,Amy Poehler
85,Anand Gandhi
86,Anand Tucker
87,Andrea Arnold
88,Andrea Berloff
89,André De Toth
90,Andrei Tarkovsky
91,André Øvredal
92,Andrés Wood
93,Andrew Adamson
94,Andrew Bergman
95,Andrew Currie
96,Andrew Davis
97,Andrew Dominik
98,Andrew Douglas
99,Andrew Erwin
100,Andrew Fleming
101,Andrew Haigh
102,Andrew Jay Cohen
103,Andrew Lau
104,Andrew Levitas
105,Andrew Niccol
106,Andrew Stanton
107,Andrew Traucki
108,Andrey Konchalovskiy
109,Andrzej Bartkowiak
110,Andrzej Wajda
111,Andrzej Zulawski
112,Andy Cadiff
113,Andy Fickman
114,Andy Muschietti
115,Andy Serkis
116,Andy Tennant
117,Anees Bazmee
118,Aneesh Chaganty
119,Angela Robinson
120,Ángel Gómez Hernández
121,Angelina Jolie
122,Ang Lee
123,Aniruddha Roy Chowdhury
124,Anna Boden
125,Anne Fletcher
126,Anne Fontaine
127,Anouk Whissell
128,Anthony Byrne
129,Anthony DiBlasi
130,Anthony Drazan
131,Anthony D'Souza
132,Anthony Hemingway
133,Anthony Mann
134,Anthony Minghella
135,Anthony Scott Burns
136,Anthony Stacchi
137,Anthony Waller
138,Antoine Fuqua
139,Anton Corbijn
140,Antonia Bird
141,Antony Hoffman
142,Anubhav Sinha
143,Anurag Basu
144,Anurag Kashyap
145,Anurag Singh
146,Ari Aster
147,Ariel Schulman
148,Ariel Vromen
149,Ari Sandel
150,Aristomenis Tsirbas
151,Arlene Sanford
152,A.R. Murugadoss
153,Arthur Penn
154,Arthur Rosson
155,Asger Leth
156,Asghar Farhadi
157,Ash Brannon
158,Asif Kapadia
159,Atlee Kumar
160,Atom Egoyan
161,Audrey Wells
162,Autumn de Wilde
163,Ava DuVernay
164,Babak Najafi
165,Baltasar Kormákur
166,Banjong Pisanthanakun
167,Baran bo Odar
168,Barbara Kopple
169,Barbet Schroeder
170,Barry Cook
171,Barry Jenkins
172,Barry Levinson
173,Barry Sonnenfeld
174,Bart Freundlich
175,Baz Luhrmann
176,Ben Affleck
177,Benedek Fliegauf
178,Benedict Andrews
179,Ben Falcone
180,Benjamin Rocher
181,Bennett Miller
182,Benny Boom
183,Benny Safdie
184,Ben Palmer
185,Ben Sharpsteen
186,Ben Stiller
187,Ben Wheatley
188,Ben Young
189,Ben Younger
190,Bernardo Bertolucci
191,Bernie Goldmann
192,Bert
193,Bertie
194,Bethany Ashton Wolf
195,Betty Thomas
196,Bibo Bergeron
197,Bilal Lashari
198,Bilall Fallah
199,Bill Condon
200,Bille August
201,Bille Woodruff
202,Billy Bob Thornton
203,Billy Ray
204,Billy Wilder
205,Björn Stein
206,Blair Hayes
207,Blake Edwards
208,Boaz Yakin
209,Bobby Farrelly
210,Bob Clark
211,Bob Dolman
212,Bob Fosse
213,Bob Odenkirk
214,Bob Peterson
215,Bong Joon Ho
216,Bonnie Hunt
217,Brad Anderson
218,Brad Bird
219,Bradford Lewis
220,Brad Furman
221,Bradley King
222,Brad Peyton
223,Brad Silberling
224,Brady Corbet
225,Brandon Camp
226,Brandon Cronenberg
227,Breck Eisner
228,Brenda Chapman
229,Brendan Malloy
230,Brett Leonard
231,Brett Ratner
232,Brian A. Metcalf
233,Brian Dannelly
234,Brian De Palma
235,Brian Desmond Hurst
236,Brian Fee
237,Brian Gilbert
238,Brian Helgeland
239,Brian Henson
240,Brian Kirk
241,Brian Klugman
242,Brian Koppelman
243,Brian Levant
244,Brian Robbins
245,Brian Taylor
246,Brian Yuzna
247,Bronwen Hughes
248,Bruce A. Evans
249,Bruce Beresford
250,Bruce Hunt
251,Bruce McCulloch
252,Bruce Robinson
253,Bryan Bertino
254,Bryan Forbes
255,Bryan Singer
256,Bryan Spicer
257,Bryan Woods
258,Burr Steers
259,Byron Howard
260,Byung-gil Jung
261,Cal Brunker
262,Cameron Crowe
263,Camille Delamarre
264,Campbell Scott
265,Can Evrenol
266,Can Ulkay
267,Carles Torrens
268,Carl Franklin
269,Carlo Ledesma
270,Carlo Mirabella-Davis
271,Carlos Martínez López
272,Carlos Saldanha
273,Carl Reiner
274,Carl Rinsch
275,Carl Theodor Dreyer
276,Carl Tibbetts
277,Caroline Labrèche
278,Carol Reed
279,Cary Murnion
280,Cary Solomon
281,Casey La Scala
282,Cate Shortland
283,Catherine Breillat
284,Catherine Hardwicke
285,Cathy Malkasian
286,Cecil B. DeMille
287,Cédric Jimenez
288,Cédric Klapisch
289,Cedric Nicolas-Troyan
290,Céline Sciamma
291,Cesc Gay
292,Chad Stahelski
293,Chakri Toleti
294,Chandra Barot
295,Chang-dong Lee
296,Charles Ferguson
297,Charles Herman-Wurmfeld
298,Charles Martin Smith
299,Charles Shyer
300,Charles Stone III
301,Charles Vidor
302,Charles Walters
303,Charlie Bean
304,Charlie Kaufman
305,Charlie McDowell
306,Chia-Liang Liu
307,Chris Addison
308,Chris Buck
309,Chris Butler
310,Chris Columbus
311,Chris Gerolmo
312,Chris Koch
313,Chris McKay
314,Chris Miller
315,Chris Nahon
316,Chris Noonan
317,Chris Renaud
318,Chris Robinson
319,Chris Sanders
320,Chris Smith
321,Christian Alvart
322,Christian Cantamessa
323,Christian Ditter
324,Christian Duguay
325,Christian Duurvoort
326,Christian Petzold
327,Christian Rivers
328,Christian Volckman
329,Christine Crokos
330,Christine Jeffs
331,Christoffer Boe
332,Christophe Gans
333,Christophe Lourdelet
334,Christopher Caldwell
335,Christopher Folino
336,Christopher Guest
337,Christopher Landon
338,Christopher Leone
339,Christopher McQuarrie
340,Christopher Miller
341,Christopher Nolan
342,Christopher Smith
343,Christopher Spencer
344,Chris Wedge
345,Chris Weitz
346,Chris Williams
347,Chuck Konzelman
348,Chuck Russell
349,Chung-Hyun Lee
350,Ciarán Foy
351,Cindy Chupack
352,Claire Denis
353,Clare Kilner
354,Clark Gregg
355,Clark Johnson
356,Clay Kaytis
357,Clint Eastwood
358,Clive Donner
359,Cody Cameron
360,Colin Trevorrow
361,Conrad Vernon
362,Coralie Fargeat
363,Corey Yuen
364,Corin Hardy
365,Cory Finley
366,Costa-Gavras
367,Courtney Solomon
368,Craig Brewer
369,Craig Gillespie
370,Craig Johnson
371,Craig Moss
372,Craig Zobel
373,Curtis Hanson
374,Cy Endfield
375,Damian Nieman
376,Damien Chazelle
377,Damon Santostefano
378,Dan Berk
379,Dan Bradley
380,Dan Fogelman
381,Dan Gilroy
382,Daniel Barber
383,Daniel Barnz
384,Daniel Benmayor
385,Daniel Espinosa
386,Daniel Goldhaber
387,Daniel Lee
388,Daniel Minahan
389,Daniel Myrick
390,Daniel Ragussis
391,Daniel Sackheim
392,Daniel Stamm
393,Danis Tanovic
394,Dan Mazer
395,Danny Boyle
396,Danny Cannon
397,Danny DeVito
398,Danny Pang
399,Dan Rush
400,Dan Scanlon
401,Dario Argento
402,Darnell Martin
403,Darren Aronofsky
404,Darren Grant
405,Darren Lynn Bousman
406,Darren Stein
407,Dave Green
408,Dave McKean
409,Dave Payne
410,Dave Wilson
411,David Anspaugh
412,David Atkins
413,David Ayer
414,David Bowers
415,David Bruckner
416,David Carson
417,David Cronenberg
418,David Dobkin
419,David Evans
420,David Fincher
421,David Frankel
422,David F. Sandberg
423,David Gelb
424,David Gordon Green
425,David Hackl
426,David Hand
427,David J. Burke
428,David Kerr
429,David Koepp
430,David Lean
431,David Leitch
432,David Levien
433,David Lowery
434,David Lynch
435,David Mackenzie
436,David Mamet
437,David Mandel
438,David Marmor
439,David McNally
440,David Michôd
441,David Mirkin
442,David Moreau
443,David M. Rosenthal
444,David O. Russell
445,David Palmer
446,David Pastor
447,David Raynr
448,David R. Ellis
449,David Schwimmer
450,David Seltzer
451,David S. Goyer
452,David Siegel
453,David Silverman
454,David Soren
455,David Twohy
456,David Wain
457,David Yarovesky
458,David Yates
459,David Zucker
460,Davis Guggenheim
461,Dean DeBlois
462,Dean Devlin
463,Dean Israelite
464,Dean Parisot
465,Deborah Kaplan
466,Declan Donnellan
467,Deepa Mehta
468,Delbert Mann
469,Delmer Daves
470,Demián Rugna
471,Denise Di Novi
472,Denis Villeneuve
473,Deniz Gamze Ergüven
474,Dennie Gordon
475,Dennis Dugan
476,Dennis Hopper
477,Dennis Lee
478,Dennis Widmyer
479,Deon Taylor
480,Deran Sarafian
481,Derek Cianfrance
482,Derick Martini
483,Derrick Borte
484,Desmond Davis
485,Destin Daniel Cretton
486,Dewey Nicks
487,Dexter Fletcher
488,Dharani
489,Dharmendra Suresh Desai
490,Diederik Van Rooijen
491,Dito Montiel
492,D.J. Caruso
493,D. Kerry Prior
494,Dome Karukoski
495,Dominic Sena
496,Donald Petrie
497,Don Bluth
498,Don Coscarelli
499,Dong-hyuk Hwang
500,Don Hall
501,Donovan Marsh
502,Don Paul
503,Don Roos
504,Don Scardino
505,Doug Atchison
506,Doug Ellin
507,Douglas Aarniokoski
508,Douglas Cheek
509,Douglas McGrath
510,Doug Liman
511,Doug Sweetland
512,Drake Doremus
513,Drew Goddard
514,Duke Johnson
515,Duncan Jones
516,Durul Taylan
517,Dustin Hoffman
518,D.W. Griffith
519,Dwight H. Little
520,Dylan Brown
521,E.B. Hughes
522,Ed Decter
523,Eddie Mensore
524,Edgar Wright
525,Edmund Goulding
526,Eduardo Sánchez
527,Edward Sedgwick
528,Edward Watts
529,Edward Yang
530,Edward Zwick
531,E. Elias Merhige
532,Egor Abramenko
533,Eli Roth
534,Elizabeth Allen Rosenbaum
535,Elizabeth Banks
536,Elizabeth Chai Vasarhelyi
537,Elliot Silverstein
538,Ellory Elkayem
539,Emile Ardolino
540,Emmett Malloy
541,Enrico Casarosa
542,Eran Creevy
543,Eric Bress
544,Eric Brevig
545,Eric Darnell
546,Eric Goldberg
547,Eric Guillon
548,Eric Heisserer
549,Eric Leighton
550,Eric Red
551,Ericson Core
552,Eric Steel
553,Eric Till
554,Erik Skjoldbjærg
555,Erik Van Looy
556,Erik White
557,Ernest B. Schoedsack
558,Ernest R. Dickerson
559,Ernie Barbarash
560,Ernst Laemmle
561,Eshom Nelms
562,Espen Sandberg
563,Etan Cohen
564,Ethan Coen
565,Ethan Maniquis
566,Evan Goldberg
567,Fabián Bielinsky
568,Fabio Guaglione
569,Fabio Resinaro
570,Fabrice du Welz
571,Farhan Akhtar
572,Fatih Akin
573,Fede Alvarez
574,Federico D'Alessandro
575,Federico Fellini
576,Fedor Bondarchuk
577,Ferdinando Cito Filomarino
578,Fergal Reilly
579,Fernando Meirelles
580,F. Gary Gray
581,Fina Torres
582,Fisher Stevens
583,Florian Gallenberger
584,Florian Henckel von Donnersmarck
585,Florian Zeller
586,Floria Sigismondi
587,Ford Beebe Jr.
588,Forest Whitaker
589,Francis Ford Coppola
590,Francis Lawrence
591,Francis Veber
592,Franck Khalfoun
593,François Girard
594,François Ozon
595,François Simard
596,François Truffaut
597,Franco Zeffirelli
598,Frank Coraci
599,Frank Darabont
600,Franklin J. Schaffner
601,Frank Marshall
602,Frank Miller
603,Frank Oz
604,Frank Pierson
605,Fred Schepisi
606,Fred Walton
607,Fred Wolf
608,Fred Zinnemann
609,Fritz Böhm
610,Fritz Lang
611,Fruit Chan
612,Gabe Torres
613,Gabriele Muccino
614,Gareth Edwards
615,Gareth Evans
616,Garry Marshall
617,Garth Davis
618,Garth Jennings
619,Gary Dauberman
620,Gary David Goldberg
621,Gary Fleder
622,Gary Goldman
623,Gary McKendry
624,Gary Nelson
625,Gary Ross
626,Gary Shore
627,Gary Sinyor
628,Gary Trousdale
629,Gary Winick
630,Gaspar Noé
631,Gavin Hood
632,Gavin O'Connor
633,Gavin Rothery
634,Géla Babluani
635,Gene Stupnitsky
636,Gennaro Nunziante
637,Genndy Tartakovsky
638,George A. Romero
639,George Cukor
640,George Gallo
641,George Hickenlooper
642,George Lucas
643,George Mihalka
644,George Miller
645,George Nolfi
646,George Pal
647,George P. Cosmatos
648,George Ratliff
649,George Roy Hill
650,George Seaton
651,George Sherman
652,George Stevens
653,George Tillman Jr.
654,Gerald McMorrow
655,Gérard Krawczyk
656,Gerard McMurray
657,Gérard Pirès
658,Gia Coppola
659,Gil Junger
660,Gil Kenan
661,Gilles Mimouni
662,Gillian Armstrong
663,Gina Prince-Bythewood
664,Giuseppe Tornatore
665,Glen Morgan
666,Glenn Ficarra
667,Glenn McQuaid
668,Gonzalo López-Gallego
669,Gordon Douglas
670,Gordon Parks
671,Gore Verbinski
672,Götz Spielmann
673,Gowtam Tinnanuri
674,Graham Annable
675,Grant Heslov
676,Greg Berlanti
677,Greg Coolidge
678,Gregg Araki
679,Gregg Hale
680,Greg McLean
681,Greg Mottola
682,Gregor Jordan
683,Gregory Dark
684,Gregory Hoblit
685,Gregory Jacobs
686,Gregory Nava
687,Gregory Plotkin
688,Gregory Poirier
689,Greg Tiernan
690,Greta Gerwig
691,Griffin Dunne
692,Grímur Hákonarson
693,Guillaume Canet
694,Guillermo del Toro
695,Gus Van Sant
696,Guy Nattiv
697,Guy Ritchie
698,Haifaa Al-Mansour
699,Hal Hartley
700,Hallie Meyers-Shyer
701,Hansal Mehta
702,Hans Canosa
703,Hans Petter Moland
704,Hany Abu-Assad
705,Harald Zwart
706,Hark Tsui
707,Harmony Korine
708,Harold Becker
709,Harold Ramis
710,Harry Elfont
711,Hayden Schlossberg
712,Heitor Dhalia
713,Henry Bean
714,Henry Hathaway
715,Henry Hobson
716,Henry Joost
717,Henry Koster
718,Henry Levin
719,Henry Selick
720,Herbert Ross
721,Hideo Nakata
722,Howard Deutch
723,Howard Hawks
724,Howard McCain
725,Howard Zieff
726,Hoyt Yeatman
727,Hugh Wilson
728,Hunter Richards
729,Hype Williams
730,Iain Softley
731,Ian Nelms
732,Ilya Naishuller
733,Im Sang-soo
734,Imtiaz Ali
735,Ingmar Bergman
736,Irvin Kershner
737,Irwin Winkler
738,Isaac Florentine
739,Ishirô Honda
740,István Szabó
741,Ivan Reitman
742,J.A. Bayona
743,Jack Clayton
744,Jack Sholder
745,Jack Smight
746,Jaco Van Dormael
747,Jacques Becker
748,Jac Schaeffer
749,Jake Kasdan
750,Jake Schreier
751,Jake Szymanski
752,Jalmari Helander
753,James Algar
754,James Bobin
755,James Cameron
756,James Cox
757,James DeMonaco
758,James Foley
759,James Gray
760,James Gunn
761,James Ivory
762,James Keach
763,James L. Brooks
764,James Mangold
765,James Marsh
766,James Mather
767,James McTeigue
768,James Orr
769,James Ponsoldt
770,James Strong
771,James Vanderbilt
772,James Wan
773,James Wong
774,Jamie Babbit
775,Jamie Blanks
776,Jamie Linden
777,Jamin Winans
778,Jan de Bont
779,Jane Campion
780,Jan Kounen
781,Jan Pinkava
782,Jan Sverák
783,Jared Hess
784,Jason Eisener
785,Jason Hall
786,Jason Moore
787,Jason Reitman
788,Jason Winer
789,Jaume Balagueró
790,Jaume Collet-Serra
791,Javier Abad
792,Jay Chandrasekhar
793,Jay Duplass
794,Jay Levey
795,Jay Roach
796,Jay Russell
797,J.B. Rogers
798,J.C. Chandor
799,Jean Cocteau
800,Jean-François Richet
801,Jean-Jacques Annaud
802,Jean-Jacques Beineix
803,Jean-Luc Godard
804,Jean-Marc Vallée
805,Jean-Marie Poiré
806,Jeannot Szwarc
807,Jean-Pierre Dardenne
808,Jee-woon Kim
809,Jeff Fowler
810,Jeff McGrath
811,Jeff Nichols
812,Jeffrey Blitz
813,Jeffrey Katzenberg
814,Jeff Schaffer
815,Jeff Tomsic
816,Jeff Tremaine
817,Jeff Wadlow
818,Je-kyu Kang
819,Jennifer Fox
820,Jennifer Lee
821,Jennifer Lynch
822,Jennifer Yuh Nelson
823,Jenny Gage
824,Jeremiah S. Chechik
825,Jeremy Garelick
826,Jeremy Haft
827,Jeremy Leven
828,Jerome Robbins
829,Jérôme Salle
830,Jerry Jameson
831,Jerry Schatzberg
832,Jerry Zucker
833,Jesse Dylan
834,Jesse Peretz
835,Jessica Bendinger
836,Jessica Sharzer
837,Jessie Nelson
838,Jill Culton
839,Jim Abrahams
840,Jim Fall
841,Jim Field Smith
842,Jim Gillespie
843,Jim Handley
844,Jim Henson
845,Jim Jarmusch
846,Jimmy Hayward
847,Jim Sheridan
848,J.J. Abrams
849,J. Mackye Gruber
850,Joachim Rønning
851,Joachim Trier
852,Joan Chen
853,Joby Harold
854,Jodie Foster
855,Jody Hill
856,Joe Carnahan
857,Joe Chappelle
858,Joe Charbanic
859,Joe Cornish
860,Joe Dante
861,Joe Johnston
862,Joe Ksander
863,Joel Coen
864,Joel Gallen
865,Joel Schumacher
866,Joe Lynch
867,Joel Zwick
868,Joe Nussbaum
869,Joe Ranft
870,Joe Roth
871,Joe Wright
872,John A. Davis
873,John Badham
874,John Boorman
875,John Cameron Mitchell
876,John Carney
877,John Carpenter
878,John Cassavetes
879,John Crowley
880,John Curran
881,John Dahl
882,John Duigan
883,John Erick Dowdle
884,John Farrow
885,John Fawcett
886,John Flynn
887,John Francis Daley
888,John Frankenheimer
889,John G. Avildsen
890,John Guillermin
891,John Gulager
892,John Hamburg
893,John Herzfeld
894,John Hillcoat
895,John Huston
896,John Hyams
897,John Landis
898,John Lasseter
899,John Lee Hancock
900,John Luessenhop
901,John Madden
902,John McTiernan
903,John Michael McDonagh
904,John Milius
905,John Moore
906,John Musker
907,Johnny Martin
908,John Pasquin
909,John Patrick Shanley
910,John Polson
911,John Requa
912,John Rice
913,John R. Leonetti
914,John Roberts
915,John Schultz
916,John Singleton
917,John Stevenson
918,John Stockwell
919,John Sturges
920,John Swanbeck
921,John Waters
922,John Wells
923,John Whitesell
924,John Woo
925,Jonah Hill
926,Jonah Markowitz
927,Jon Amiel
928,Jonas Åkerlund
929,Jonas Pate
930,Jonathan Dayton
931,Jonathan del Val
932,Jonathan Demme
933,Jonathan Frakes
934,Jonathan Glazer
935,Jonathan Goldstein
936,Jonathan Hensleigh
937,Jonathan Kaplan
938,Jonathan King
939,Jonathan Levine
940,Jonathan Liebesman
941,Jonathan Lynn
942,Jonathan Milott
943,Jonathan Mostow
944,Jon Avnet
945,Jon Cassar
946,Jon Erwin
947,Jon Favreau
948,Jon Hurwitz
949,Jon Lucas
950,Jon M. Chu
951,Jon Poll
952,Jon S. Baird
953,Jon Stewart
954,Jon Turteltaub
955,Jon Watts
956,Jon Wright
957,Jordan Peele
958,Jorge Blanco
959,Jorge Dorado
960,Jorge R. Gutiérrez
961,Jorma Taccone
962,Josef Rusnak
963,José Padilha
964,Josephine Decker
965,Joseph Kosinski
966,Joseph L. Mankiewicz
967,Joseph McGrath
968,Joseph Ruben
969,Joseph Vilsmaier
970,Josh Boone
971,Josh Cooley
972,Josh Gordon
973,Josh Safdie
974,Josh Schwartz
975,Josh Trank
976,Joshua Michael Stern
977,Joshua Seftel
978,Joss Whedon
979,J.P. Dutta
980,J.P. Schaefer
981,Juan Carlos Fresnadillo
982,Judd Apatow
983,Judy Morris
984,Julia Ducournau
985,Juliano Dornelles
986,Julie Anne Robinson
987,Julie Taymor
988,Julius Avery
989,Julius Onah
990,Justin Baldoni
991,Justin Benson
992,Justin Chadwick
993,Justin Kurzel
994,Justin Lin
995,Justin Martinez
996,Justin Zackham
997,Kabir Khan
998,Kanti Shah
999,Karan Johar
1000,Karan Malhotra
1001,Karey Kirkpatrick
1002,Karyn Kusama
1003,Kasi Lemmons
1004,Kathryn Bigelow
1005,Katsuhiro Ôtomo
1006,Kay Cannon
1007,Kazuaki Kiriya
1008,Keenen Ivory Wayans
1009,Kei'ichi Sato
1010,Kelly Asbury
1011,Kelly Fremon Craig
1012,Kelly Makin
1013,Kemp Powers
1014,Ken Hughes
1015,Ken Kwapis
1016,Ken Loach
1017,Kenneth Branagh
1018,Kenneth Lonergan
1019,Kenny Ortega
1020,Ken Russell
1021,Ken Scott
1022,Kent Alterman
1023,Kerry Conran
1024,Ketche
1025,Kevin Bray
1026,Kevin Donovan
1027,Kevin Greutert
1028,Kevin Hooks
1029,Kevin Jarre
1030,Kevin Kölsch
1031,Kevin Lima
1032,Kevin Macdonald
1033,Kevin Munroe
1034,Kevin R. Adams
1035,Kevin Reynolds
1036,Kevin Rodney Sullivan
1037,Kevin Smith
1038,Kevin Tancharoen
1039,Kieran Mulroney
1040,Kimberly Peirce
1041,Kimble Rendall
1042,Kim Ki-duk
1043,King Vidor
1044,Kinka Usher
1045,Kirk DeMicco
1046,Kirk Jones
1047,Kirk Wise
1048,Kiyoshi Kurosawa
1049,Klay Hall
1050,Kleber Mendonça Filho
1051,Klim Shipenko
1052,Kogonada
1053,Kôji Morimoto
1054,Kôji Shiraishi
1055,Kris Pearn
1056,Kristoffer Nyholm
1057,Kriv Stenders
1058,Kunal Kohli
1059,Kyle Balda
1060,Kyle Newman
1061,Lamberto Bava
1062,Lana Wachowski
1063,Lance Daly
1064,Larry Charles
1065,Larry Clark
1066,Larry Morey
1067,Lars Klevberg
1068,Lars von Trier
1069,Lasse Hallström
1070,Laura Terruso
1071,Lauren Miller Rogen
1072,Lawrence Kasdan
1073,Laxman Utekar
1074,Lazar Bodroza
1075,Lee Daniels
1076,Lee Hirsch
1077,Lee H. Katzin
1078,Lee Isaac Chung
1079,Lee Sternthal
1080,Lee Tamahori
1081,Lee Unkrich
1082,Leigh Janiak
1083,Leigh Whannell
1084,Lenny Abrahamson
1085,Len Wiseman
1086,Les Mayfield
1087,Levan Gabriadze
1088,Lewis Gilbert
1089,Lewis Teague
1090,Liam Lynch
1091,Lilly Wachowski
1092,Lindsay Anderson
1093,Lin Oeding
1094,Lisa Cholodenko
1095,Lloyd Bacon
1096,Lokesh Kanagaraj
1097,Lone Scherfig
1098,Lorene Scafaria
1099,Louis C.K.
1100,Louis Leterrier
1101,Louis Malle
1102,Loveleen Tandan
1103,Luc Besson
1104,Luc Dardenne
1105,Lucia Aniello
1106,Lucía Puenzo
1107,Lucky McKee
1108,Luis Buñuel
1109,Luis Llosa
1110,Luis Mandoki
1111,Luis Prieto
1112,Luis Valdez
1113,Lukas Dhont
1114,Luke Greenfield
1115,Luke Scott
1116,Luke Snellin
1117,Lynn Shelton
1118,Madhur Bhandarkar
1119,Madonna
1120,Maggie Carey
1121,Mahesh Narayanan
1122,Maïwenn
1123,Malcolm D. Lee
1124,Mamoru Oshii
1125,Maneesh Sharma
1126,Mani Ratnam
1127,Måns Mårlind
1128,Marcel Langenegger
1129,Marc Evans
1130,Marc Forster
1131,Marc Lawrence
1132,Marco Kreuzpaintner
1133,Marcos Martínez
1134,Marc Schölermann
1135,Marc Silverstein
1136,Marcus Nispel
1137,Marc Webb
1138,Marielle Heller
1139,Mario Miscione
1140,Mario Van Peebles
1141,Mari Selvaraj
1142,Mark Andrews
1143,Mark A.Z. Dippé
1144,Mark Dindal
1145,Mark Duplass
1146,Mark Goldblatt
1147,Mark Linfield
1148,Mark L. Lester
1149,Mark Mylod
1150,Mark Neveldine
1151,Mark Osborne
1152,Mark Pellington
1153,Mark Robson
1154,Mark Romanek
1155,Mark Rosman
1156,Mark Sandrich
1157,Mark Steven Johnson
1158,Mark Tarlov
1159,Mark Tonderai
1160,Mark Waters
1161,Martha Coolidge
1162,Martin Brest
1163,Martin Campbell
1164,Martin McDonagh
1165,Martin Ritt
1166,Martin Scorsese
1167,Martin Weisz
1168,Martin Zandvliet
1169,Mary Harron
1170,Mary Lambert
1171,Masayuki Ochiai
1172,Mastan Alibhai Burmawalla
1173,Mathieu Kassovitz
1174,Matt Bettinelli-Olpin
1175,Matt Duffer
1176,Matteo Garrone
1177,Matthew Bright
1178,Matthew Butler-Hart
1179,Matthew Michael Carnahan
1180,Matthew O'Callaghan
1181,Matthew Robinson
1182,Matthew Vaughn
1183,Matthew Warchus
1184,Matthijs van Heijningen Jr.
1185,Matt Maiellaro
1186,Matt Palmer
1187,Matt Reeves
1188,Matt Williams
1189,Max Mayer
1190,McG
1191,Meghna Gulzar
1192,Meir Zarchi
1193,Mel Brooks
1194,Mel Gibson
1195,Melisa Wallack
1196,Mel Smith
1197,Mennan Yapo
1198,Merian C. Cooper
1199,Mert Baykal
1200,Mervyn LeRoy
1201,Mia Hansen-Løve
1202,Michael Almereyda
1203,Michael Anderson
1204,Michael Apted
1205,Michael Bay
1206,Michael Brandt
1207,Michael Caton-Jones
1208,Michael Chaves
1209,Michael Cimino
1210,Michael Crichton
1211,Michael Cristofer
1212,Michael Cuesta
1213,Michael Curtiz
1214,Michael Davis
1215,Michael Dougherty
1216,Michael Dowse
1217,Michael Engler
1218,Michael Gottlieb
1219,Michael Gracey
1220,Michael Grandage
1221,Michael Greenspan
1222,Michael Haneke
1223,Michael Herbig
1224,Michael Hoffman
1225,Michael Lehmann
1226,Michael Lembeck
1227,Michael Mann
1228,Michael Matteo Rossi
1229,Michael Mayer
1230,Michael McCullers
1231,Michael Moore
1232,Michael Noer
1233,Michael Patrick Jann
1234,Michael Patrick King
1235,Michael Pearce
1236,Michael Polish
1237,Michael Radford
1238,Michael Ritchie
1239,Michaël R. Roskam
1240,Michael Rymer
1241,Michael Sarnoski
1242,Michael Schwartz
1243,Michael Spierig
1244,Michael Sucsy
1245,Michael Thelin
1246,Michael Tiddes
1247,Michael Tollin
1248,Michael Wadleigh
1249,Michael Winner
1250,Michael Winterbottom
1251,Michelangelo Antonioni
1252,Michele Mulroney
1253,Michel Gondry
1254,Michel Hazanavicius
1255,Mick Garris
1256,Mick Jackson
1257,Miguel Ángel Vivas
1258,Miguel Arteta
1259,Miguel Sapochnik
1260,Mikael Håfström
1261,Mikael Salomon
1262,Mike Binder
1263,Mike Cahill
1264,Mike Flanagan
1265,Mike Hodges
1266,Mike Judge
1267,Mike Leigh
1268,Mike McCoy
1269,Mike Mills
1270,Mike Mitchell
1271,Mike Newell
1272,Mike Nichols
1273,Mike P. Nelson
1274,Milos Forman
1275,Mimi Leder
1276,Mira Nair
1277,M. Night Shyamalan
1278,Morgan Spurlock
1279,Morten Tyldum
1280,Mrighdeep Lamba
1281,Myroslav Slaboshpytskyi
1282,Nag Ashwin
1283,Nagraj Manjule
1284,Naji Abu Nowar
1285,Nancy Meyers
1286,Nanette Burstein
1287,Naomi Kawase
1288,Nash Edgerton
1289,Natalie Erika James
1290,Nathan Greno
1291,Neeraj Ghaywan
1292,Neeraj Pandey
1293,Neil Armfield
1294,Neil Burger
1295,Neil Jordan
1296,Neil LaBute
1297,Neill Blomkamp
1298,Neil Marshall
1299,Nelson McCormick
1300,Newt Arnold
1301,Ngai Choi Lam
1302,Nic Balthazar
1303,Nicholas Hytner
1304,Nicholas McCarthy
1305,Nicholas Meyer
1306,Nicholas Stoller
1307,Nick Bruno
1308,Nick Cassavetes
1309,Nick Gomez
1310,Nick Hurran
1311,Nick Love
1312,Nick Murphy
1313,Nick Ormerod
1314,Nick Park
1315,Nic Mathieu
1316,Nicolai Fuglsig
1317,Nicolas Winding Refn
1318,Nicole Holofcener
1319,Niels Arden Oplev
1320,Nigel Cole
1321,Niki Caro
1322,Nikolaj Arcel
1323,Nima Nourizadeh
1324,Nimród Antal
1325,Nir Paniry
1326,Nishikant Kamat
1327,Nitesh Tiwari
1328,Noah Baumbach
1329,Noam Murro
1330,Nobuhiko Ôbayashi
1331,Nora Ephron
1332,Norman Ferguson
1333,Norman Jewison
1334,Norman Taurog
1335,Nuri Bilge Ceylan
1336,Ole Bornedal
1337,Oliver Daly
1338,Oliver Hirschbiegel
1339,Oliver Parker
1340,Oliver Stone
1341,Olivia Wilde
1342,Olivier Dahan
1343,Olivier Megaton
1344,Omar Naim
1345,Ömer Faruk Sorak
1346,Omung Kumar
1347,Oren Moverman
1348,Oren Peli
1349,Oriol Paulo
1350,Otto Bathurst
1351,Otto Preminger
1352,Oxide Chun Pang
1353,Özer Kiziltan
1354,Pablo Berger
1355,Pablo Larraín
1356,Pablo Trapero
1357,Paco Cabezas
1358,Paco Plaza
1359,Panos Cosmatos
1360,Paolo Genovese
1361,Paolo Sorrentino
1362,Park Chan-Wook
1363,Parkpoom Wongpoom
1364,Pascal Laugier
1365,Patrice Chéreau
1366,Patricia Riggen
1367,Patrick Hughes
1368,Patrick Lussier
1369,Patty Jenkins
1370,Paul Brickman
1371,Paul Dano
1372,Paul Feig
1373,Paul Greengrass
1374,Paul Haggis
1375,Paul Hunter
1376,Paul Katis
1377,Paul King
1378,Paul Lynch
1379,Paul Mazursky
1380,Paul McGuigan
1381,Paul Michael Glaser
1382,Paul Schrader
1383,Paul Thomas Anderson
1384,Paul T. Scheuring
1385,Paul Urkijo Alijo
1386,Paul Verhoeven
1387,Paul Weiland
1388,Paul Weitz
1389,Paul W.S. Anderson
1390,Pavel Lungin
1391,Pedro Almodóvar
1392,Penelope Spheeris
1393,Penny Marshall
1394,Perce Pearce
1395,Pete Docter
1396,Peter Atencio
1397,Peter Berg
1398,Peter Billingsley
1399,Peter Bogdanovich
1400,Peter Cattaneo
1401,Peter Chelsom
1402,Peter Collinson
1403,Peter Faiman
1404,Peter Farrelly
1405,Peter Glenville
1406,Peter Howitt
1407,Peter Hyams
1408,Peter Jackson
1409,Peter Kassovitz
1410,Peter Kosminsky
1411,Peter Landesman
1412,Peter Lepeniotis
1413,Peter Lord
1414,Peter MacDonald
1415,Peter O'Fallon
1416,Peter Ramsey
1417,Peter Segal
1418,Peter Spierig
1419,Peter Stebbings
1420,Peter Weir
1421,Peter Yates
1422,Pete Travis
1423,Petter Næss
1424,Peyton Reed
1425,Phil Alden Robinson
1426,Philip G. Atwell
1427,Philip Kaufman
1428,Philipp Stölzl
1429,Phil Joanou
1430,Phillip Noyce
1431,Phil Lord
1432,Phil Morrison
1433,Phyllida Lloyd
1434,Pier Paolo Pasolini
1435,Pierre Coffin
1436,Pierre Morel
1437,P.J. Hogan
1438,Prabhu Deva
1439,Prachya Pinkaew
1440,Pradeep Sarkar
1441,Predrag Antonijevic
1442,Priyadarshan
1443,Priyamvada Narayanan
1444,Puri Jagannadh
1445,Quentin Dupieux
1446,Quentin Tarantino
1447,Rachel Talalay
1448,Rachid Bouchareb
1449,Radio Silence
1450,Radu Mihaileanu
1451,Rahi Anil Barve
1452,Raja Gosnell
1453,Raja Menon
1454,Rajesh Bhatia
1455,Raj Kumar Gupta
1456,Rajkumar Hirani
1457,Rajkumar Santoshi
1458,Rakesh Roshan
1459,Ralph Bakshi
1460,Ralph Ziman
1461,Ralph Zondag
1462,Ram
1463,Raman Hui
1464,Ramesh Sippy
1465,Ram Gopal Varma
1466,Ramin Bahrani
1467,Ram Madhvani
1468,Randal Kleiser
1469,Randall Wallace
1470,Ravi Chopra
1471,Rawson Marshall Thurber
1472,Ray Lawrence
1473,Raymond De Felitta
1474,R. Balki
1475,Reed Morano
1476,Reema Kagti
1477,Reginald Hudlin
1478,Renny Harlin
1479,Rian Johnson
1480,Ribhu Dasgupta
1481,Ricardo Curtis
1482,Richard Attenborough
1483,Richard Ayoade
1484,Richard Bates Jr.
1485,Richard Berry
1486,Richard Curtis
1487,Richard Donner
1488,Richard Fleischer
1489,Richard Franklin
1490,Richard Glatzer
1491,Richard Kelly
1492,Richard Kwietniowski
1493,Richard LaGravenese
1494,Richard Lester
1495,Richard Linklater
1496,Richard Loncraine
1497,Richard Rosson
1498,Richard Rush
1499,Richard Shepard
1500,Richard Stanley
1501,Richard Talmadge
1502,Richard Thorpe
1503,Rick Famuyiwa
1504,Rick Friedberg
1505,Rick Rosenthal
1506,Ric Roman Waugh
1507,Ridley Scott
1508,Ringo Lam
1509,Risa Bramon Garcia
1510,R.J. Cutler
1511,Roar Uthaug
1512,Rob Bowman
1513,Rob Cohen
1514,Robert Aldrich
1515,Robert Altman
1516,Robert Benton
1517,Robert Connolly
1518,Robert Iscove
1519,Robert Kenner
1520,Robert Longo
1521,Robert Luketic
1522,Robert Olsen
1523,Robert Parrish
1524,Robert Redford
1525,Robert Rodriguez
1526,Robert Rossen
1527,Robert Schwentke
1528,Robert Stevenhagen
1529,Robert Stevenson
1530,Robert Stromberg
1531,Robert Wise
1532,Robert Zemeckis
1533,Rob Greenberg
1534,Robin Bissell
1535,Robin Hardy
1536,Rob Lambert
1537,Rob Letterman
1538,Rob Marshall
1539,Rob McKittrick
1540,Rob Minkoff
1541,Rob Reiner
1542,Rob Schmidt
1543,Rob Sitch
1544,Rob Thomas
1545,Rob Zombie
1546,Rod Daniel
1547,Rod Lurie
1548,Rodman Flender
1549,Rodney Ascher
1550,Rodrigo García
1551,Roger Allers
1552,Roger Avary
1553,Roger Corman
1554,Roger Donaldson
1555,Roger Kumble
1556,Roger Michell
1557,Rohit Shetty
1558,Roland Emmerich
1559,Roland Joffé
1560,Roman Polanski
1561,Ronald Neame
1562,Ron Clements
1563,Ron Fricke
1564,Ron Howard
1565,Ron Maxwell
1566,Ronnie Del Carmen
1567,Ronny Yu
1568,Ron Shelton
1569,Ron Underwood
1570,Ross Duffer
1571,R.T. Neason
1572,Ruben Fleischer
1573,Ruben Östlund
1574,Rudolph Maté
1575,Rufus Norris
1576,Rumi Jaffery
1577,Rupert Goold
1578,Rupert Julian
1579,Rupert Sanders
1580,Rupert Wainwright
1581,Rupert Wyatt
1582,Russell Mulcahy
1583,Ryan Coogler
1584,Ryan Fleck
1585,Ryan Little
1586,Ryan Murphy
1587,Ryûhei Kitamura
1588,Sacha Gervasi
1589,Sajid Nadiadwala
1590,Salim Akil
1591,Sally Potter
1592,Sam Fell
1593,Sam Mendes
1594,Sam Miller
1595,Sam Peckinpah
1596,Sam Raimi
1597,Samuel Armstrong
1598,Samuel Bayer
1599,Samuel Maoz
1600,Sam Weisman
1601,Sanaa Hamri
1602,Sanjay Gadhvi
1603,Sanjay Gupta
1604,Sanjay Leela Bhansali
1605,Scott Beck
1606,Scott Cooper
1607,Scott Derrickson
1608,Scott Frank
1609,Scott Hicks
1610,Scott Mann
1611,Scott McGehee
1612,Scott Moore
1613,Scott Mosier
1614,Scott Speer
1615,Scott Stewart
1616,Scott Waugh
1617,Scott Z. Burns
1618,Sean Anders
1619,Sean Ellis
1620,Sean McNamara
1621,Sean Penn
1622,Sebastian Junger
1623,Sebastian Schipper
1624,Serdar Akar
1625,Sergei Bodrov
1626,Sergio Corbucci
1627,Sergio Pablos
1628,Serif Gören
1629,Seth Gordon
1630,Shana Feste
1631,Shane Abbess
1632,Shane Black
1633,Shawn Levy
1634,Shekhar Kapur
1635,Sheldon Lettich
1636,Shelly Hatton
1637,Sherry Hormann
1638,Shoojit Sircar
1639,Sian Heder
1640,Siddharth Anand
1641,Siddharth Malhotra
1642,Sidney Lumet
1643,Simon Barrett
1644,Simon Brand
1645,Simon Curtis
1646,Simon J. Smith
1647,Simon Kinberg
1648,Simon Shore
1649,Simon Stone
1650,Simon Verhoeven
1651,Simon Wells
1652,Simon West
1653,Simon Wincer
1654,Siva
1655,Skip Woods
1656,Sofia Coppola
1657,Spencer Susser
1658,Spike Jonze
1659,Spike Lee
1660,Srdjan Dragojevic
1661,S. Shankar
1662,S.S. Rajamouli
1663,Stanley Donen
1664,Stanley Kubrick
1665,Stanley Tong
1666,Steeve Léonard
1667,Stefano Sollima
1668,Stefen Fangmeier
1669,Stephan Rick
1670,Stephen Belber
1671,Stephen Chbosky
1672,Stephen Daldry
1673,Stephen Frears
1674,Stephen Gaghan
1675,Stephen Herek
1676,Stephen Hillenburg
1677,Stephen Hopkins
1678,Stephen Kay
1679,Stephen Merchant
1680,Stephen Norrington
1681,Stephen S. Campanelli
1682,Stephen Sommers
1683,Steve Antin
1684,Steve Barker
1685,Steve Barron
1686,Steve Beck
1687,Steve Carr
1688,Steve Gordon
1689,Steve Hickner
1690,Steve Martino
1691,Steve McQueen
1692,Steve Miner
1693,Steven Brill
1694,Steven Caple Jr.
1695,Steven Knight
1696,Steven Lisberger
1697,Steven Quale
1698,Steven R. Monroe
1699,Steven Shainberg
1700,Steven Soderbergh
1701,Steven Spielberg
1702,Steven Zaillian
1703,Steve Oedekerk
1704,Steve Pink
1705,Steve Purcell
1706,Steve Rash
1707,Steve Saint Leger
1708,Steve 'Spaz' Williams
1709,Stewart Hendler
1710,Stuart Beattie
1711,Stuart Gordon
1712,Stuart Hazeldine
1713,Stuart Rosenberg
1714,Stuart Zicherman
1715,Subhash Ghai
1716,Sujoy Ghosh
1717,Sung-su Kim
1718,Susanna Fogel
1719,Susannah Grant
1720,Susanna White
1721,Susanne Bier
1722,Susan Stroman
1723,Sydney Pollack
1724,Sylvain Chomet
1725,Sylvain White
1726,Takashi Miike
1727,Takashi Shimizu
1728,Takashi Yamazaki
1729,Takeshi Kitano
1730,Takeshi Koike
1731,Tamra Davis
1732,Tanya Wexler
1733,Tarsem Singh
1734,Tarun Mansukhani
1735,Tate Taylor
1736,Taylor Hackford
1737,Taylor Sheridan
1738,Ted Demme
1739,Ted Kotcheff
1740,Tensai Okamura
1741,Ten Shimoyama
1742,Terence Fisher
1743,Terence Young
1744,Terrence Malick
1745,Terry George
1746,Terry Gilliam
1747,Terry Zwigoff
1748,Thea Sharrock
1749,Theodore Melfi
1750,Thomas Bezucha
1751,Thomas Carter
1752,Thomas Kail
1753,Thomas Vinterberg
1754,Thor Freudenthal
1755,Thurop Van Orman
1756,Tibor Takács
1757,Tim Blake Nelson
1758,Tim Burton
1759,Tim Fehlbaum
1760,Tim Hetherington
1761,Tim Hill
1762,Tim Johnson
1763,Tim Kirkby
1764,Tim McCanlies
1765,Tim Miller
1766,Timo Tjahjanto
1767,Timo Vuorensola
1768,Tim Story
1769,Tim Sullivan
1770,Timur Bekmambetov
1771,Tina Gordon
1772,Toa Fraser
1773,Tobe Hooper
1774,Tobias Lindholm
1775,Todd Burrows
1776,Todd Douglas Miller
1777,Todd Field
1778,Todd Haynes
1779,Todd Holland
1780,Todd Phillips
1781,Todd Solondz
1782,Todd Wilderman
1783,Tod Williams
1784,Tolga Karaçelik
1785,Tomas Alfredson
1786,Tom Dey
1787,Tom Ford
1788,Tom Gormican
1789,Tom Holland
1790,Tom Mankiewicz
1791,Tom McCarthy
1792,Tom McGrath
1793,Tommy O'Haver
1794,Tommy Wirkola
1795,Tom Shadyac
1796,Tom Shankland
1797,Tom Tykwer
1798,Tom Vaughan
1799,Tony Bancroft
1800,Tony Bill
1801,Tony Cervone
1802,Tony Elliott
1803,Tony Giglio
1804,Tony Gilroy
1805,Tony Goldwyn
1806,Tony Kaye
1807,Tony Leondis
1808,Tony Scott
1809,Travis Knight
1810,Trish Sie
1811,Trivikram Srinivas
1812,Troy Duffy
1813,Troy Miller
1814,Troy Quane
1815,Trygve Allister Diesen
1816,Tung-Shing Yee
1817,Tyler Gillett
1818,Tyler Nilson
1819,Uli Edel
1820,Ulu Grosbard
1821,Uwe Boll
1822,Vadim Perelman
1823,Valerie Faris
1824,Val Guest
1825,Vaughn Stein
1826,Vetrimaaran
1827,Vicente Villanueva
1828,Vicky Jenson
1829,Victor Fleming
1830,Victor Levin
1831,Victor Salva
1832,Vijay Krishna Acharya
1833,Vikas Bahl
1834,Vikramaditya Motwane
1835,Vikram Bhatt
1836,Vikram K. Kumar
1837,Vincente Minnelli
1838,Vincenzo Natali
1839,Vishal Bhardwaj
1840,Wallace Wolodarsky
1841,Wally Pfister
1842,Walt Becker
1843,Walt Dohrn
1844,Walter Hill
1845,Walter Lang
1846,Warren Coleman
1847,Wash Westmoreland
1848,Wayne Kramer
1849,Wayne Wang
1850,Wes Anderson
1851,Wes Ball
1852,Wes Craven
1853,Whit Stillman
1854,Wilfred Jackson
1855,Willard Carroll
1856,Will Canon
1857,Will Gluck
1858,William A. Graham
1859,William Brent Bell
1860,William Cottrell
1861,William Dieterle
1862,William Friedkin
1863,William Lustig
1864,William Malone
1865,William Phillips
1866,William Wyler
1867,Will Speck
1868,Wilson Yip
1869,Wim Wenders
1870,Wolfgang Petersen
1871,Wolfgang Reitherman
1872,Woody Allen
1873,Xavier Dolan
1874,Xavier Gens
1875,Xavier Palud
1876,Yagmur Taylan
1877,Yann Demange
1878,Yannick Dahan
1879,Yarrow Cheney
1880,Yash Chopra
1881,Yasujirô Ozu
1882,Yasushi Kawamura
1883,Yavuz Turgul
1884,Yilmaz Güney
1885,Yimou Zhang
1886,Yoann-Karl Whissell
1887,Yorgos Lanthimos
1888,Yuriy Bykov
1889,Zach Braff
1890,Zach Lipovsky
1891,Zack Snyder
1892,Zal Batmanglij
1893,Zeek Earl
1894,Zeki Demirkubuz
1895,Ziad Doueiri
